{"page":"view_fr","page_id":"4637131","share_type":"discussion","created":"2011-02-03T07:54:57-08:00","createdBy":"carlosmiranda1","title":"display","description":"Is it possible to display in the board of an entity a foreign key item reference ? For example if I have an entity called warehouse that references another entity called Product with a relation of type ManyToOne, how can I display in the view of the Product entity the foreign key reference to the Warehouse? I hope my question is clear enough. Thanks for your help.","replies":[{"user":"javierpaniza","created":"2011-02-16T11:03:50-08:00","body":"Hi Carlos,<br \/>\n<br \/>\nplease put your question in the Help forum of OpenXava:<br \/>\nIn English:<br \/>\n<!-- ws:start:WikiTextUrlRule:7:https:\/\/sourceforge.net\/projects\/openxava\/forums\/forum\/419690 --><a class=\"wiki_link_ext\" href=\"https:\/\/sourceforge.net\/projects\/openxava\/forums\/forum\/419690\" rel=\"nofollow\">https:\/\/sourceforge.net\/projects\/openxava\/forums\/forum\/419690<\/a><!-- ws:end:WikiTextUrlRule:7 --><br \/>\n<br \/>\nOr in Spanish:<br \/>\n<!-- ws:start:WikiTextUrlRule:8:https:\/\/sourceforge.net\/projects\/openxava\/forums\/forum\/437013 --><a class=\"wiki_link_ext\" href=\"https:\/\/sourceforge.net\/projects\/openxava\/forums\/forum\/437013\" rel=\"nofollow\">https:\/\/sourceforge.net\/projects\/openxava\/forums\/forum\/437013<\/a><!-- ws:end:WikiTextUrlRule:8 -->"}]}