{"page":"customizing_es","page_id":"3085931","share_type":"discussion","created":"2011-02-01T09:19:51-08:00","createdBy":"alfaroweb","title":"Dudas con vistas","description":"Quiero mostrar una vista u otra de una determinada clase dependiendo del usuario logado, \u00bfc\u00f3mo lo puedo hacer, se le puede pasar alg\u00fan tipo de par\u00e1metro a la clase dici\u00e9ndole qu\u00e9 vista mostrar?. Es decir, tengo una clase Comercio con varias vistas, al usuario 'X' s\u00ed le permito ver las inspecciones que se le han hecho al comercio, pero al usuario 'Y', no.","replies":[]}