{"page":"security-jsr250-discarded","page_id":"4914153","share_type":"discussion","created":"2008-07-04T12:00:08-07:00","createdBy":"depourtales","title":"RBAC Access control","description":"Hi,<br \/>\n<br \/>\nI just written a brief draft of what we could do with a Role based access control in OpenXava. <br \/>\n<br \/>\nGuy","replies":[{"user":"javierpaniza","created":"2008-07-07T01:10:33-07:00","body":"OK, I'll put a message for each idea about this initial draft.<br \/>\nIn this way, we can discuss each item separately.<br \/>\n<br \/>\nCheers<br \/>\nJavi"}]}